{
  "config": {
    "J": 0.45,
    "N": 64,
    "alpha": 1.0,
    "beta": 1.0,
    "decoder_lambda": 0.35,
    "delay_steps": 40,
    "dt": 0.05,
    "init_sector": 1,
    "lag_steps": 120,
    "noise": 0.06,
    "observed": 16,
    "pulse_amp": -1.45,
    "pulse_end": 1540,
    "pulse_fraction": 1.0,
    "pulse_start": 1400,
    "seed": 7,
    "steps": 3200,
    "x_star": 1.0
  },
  "scientific_interpretation": {
    "fragmentation": "1 - coherence, used as a proxy for local disagreement during transition",
    "lag_error": "decoder error when the decoder uses a delayed sector label",
    "matched_error": "decoder error when the sector label matches the current lattice sector",
    "wrong_error": "decoder error under the explicitly mismatched sector label"
  },
  "summary": {
    "J": 0.45,
    "N": 64,
    "lag_steps": 120,
    "mismatch_count": 120,
    "mismatch_end": 1547,
    "mismatch_start": 1428,
    "noise": 0.06,
    "observed": 16,
    "post_b": -1.0066125315503363,
    "post_coherence": 1.0,
    "post_fragmentation": 0.0,
    "post_lag_error": 0.004350644532469482,
    "post_m": -1.006660924237911,
    "post_matched_error": 0.004350644532469482,
    "post_sector": -1,
    "post_wrong_error": 1.3043465381952932,
    "pre_b": 0.9911003498243319,
    "pre_coherence": 1.0,
    "pre_fragmentation": 0.0,
    "pre_lag_error": 0.00583915814119377,
    "pre_m": 0.9911473417688035,
    "pre_matched_error": 0.00583915814119377,
    "pre_sector": 1,
    "pre_wrong_error": 1.2942622193302875,
    "pulse_fraction": 1.0,
    "seed": 7,
    "switch_step": 1428,
    "transition_b": -0.9277290780905321,
    "transition_coherence": 0.9998263888888889,
    "transition_fragmentation": 0.00017361111111111112,
    "transition_lag_error": 0.9642739521668836,
    "transition_m": -0.9278680183874588,
    "transition_matched_error": 0.21765738090686032,
    "transition_wrong_error": 1.293917511315134,
    "x_star": 1.0
  }
}